world_cup_year,ranking_date,fifa_code,team,confederation,fifa_rank,source_revision_id,source_url,ranking_source_url
1994,1994-06-14,GER,Germany,UEFA,1,1364407895,https://en.wikipedia.org/w/index.php?title=1994_FIFA_World_Cup&oldid=1364407895,https://www.fifa.com/fifa-world-ranking/men?dateId=id11
1994,1994-06-14,NED,Netherlands,UEFA,2,1364407895,https://en.wikipedia.org/w/index.php?title=1994_FIFA_World_Cup&oldid=1364407895,https://www.fifa.com/fifa-world-ranking/men?dateId=id11
1994,1994-06-14,BRA,Brazil,CONMEBOL,3,1364407895,https://en.wikipedia.org/w/index.php?title=1994_FIFA_World_Cup&oldid=1364407895,https://www.fifa.com/fifa-world-ranking/men?dateId=id11
1994,1994-06-14,ITA,Italy,UEFA,4,1364407895,https://en.wikipedia.org/w/index.php?title=1994_FIFA_World_Cup&oldid=1364407895,https://www.fifa.com/fifa-world-ranking/men?dateId=id11
1994,1994-06-14,ESP,Spain,UEFA,5,1364407895,https://en.wikipedia.org/w/index.php?title=1994_FIFA_World_Cup&oldid=1364407895,https://www.fifa.com/fifa-world-ranking/men?dateId=id11
1994,1994-06-14,NOR,Norway,UEFA,6,1364407895,https://en.wikipedia.org/w/index.php?title=1994_FIFA_World_Cup&oldid=1364407895,https://www.fifa.com/fifa-world-ranking/men?dateId=id11
1994,1994-06-14,ROU,Romania,UEFA,7,1364407895,https://en.wikipedia.org/w/index.php?title=1994_FIFA_World_Cup&oldid=1364407895,https://www.fifa.com/fifa-world-ranking/men?dateId=id11
1994,1994-06-14,ARG,Argentina,CONMEBOL,8,1364407895,https://en.wikipedia.org/w/index.php?title=1994_FIFA_World_Cup&oldid=1364407895,https://www.fifa.com/fifa-world-ranking/men?dateId=id11
1994,1994-06-14,SWE,Sweden,UEFA,10,1364407895,https://en.wikipedia.org/w/index.php?title=1994_FIFA_World_Cup&oldid=1364407895,https://www.fifa.com/fifa-world-ranking/men?dateId=id11
1994,1994-06-14,NGA,Nigeria,CAF,11,1364407895,https://en.wikipedia.org/w/index.php?title=1994_FIFA_World_Cup&oldid=1364407895,https://www.fifa.com/fifa-world-ranking/men?dateId=id11
1994,1994-06-14,SUI,Switzerland,UEFA,12,1364407895,https://en.wikipedia.org/w/index.php?title=1994_FIFA_World_Cup&oldid=1364407895,https://www.fifa.com/fifa-world-ranking/men?dateId=id11
1994,1994-06-14,IRL,Republic of Ireland,UEFA,14,1364407895,https://en.wikipedia.org/w/index.php?title=1994_FIFA_World_Cup&oldid=1364407895,https://www.fifa.com/fifa-world-ranking/men?dateId=id11
1994,1994-06-14,MEX,Mexico,CONCACAF,16,1364407895,https://en.wikipedia.org/w/index.php?title=1994_FIFA_World_Cup&oldid=1364407895,https://www.fifa.com/fifa-world-ranking/men?dateId=id11
1994,1994-06-14,COL,Colombia,CONMEBOL,17,1364407895,https://en.wikipedia.org/w/index.php?title=1994_FIFA_World_Cup&oldid=1364407895,https://www.fifa.com/fifa-world-ranking/men?dateId=id11
1994,1994-06-14,RUS,Russia,UEFA,19,1364407895,https://en.wikipedia.org/w/index.php?title=1994_FIFA_World_Cup&oldid=1364407895,https://www.fifa.com/fifa-world-ranking/men?dateId=id11
1994,1994-06-14,USA,USA,CONCACAF,23,1364407895,https://en.wikipedia.org/w/index.php?title=1994_FIFA_World_Cup&oldid=1364407895,https://www.fifa.com/fifa-world-ranking/men?dateId=id11
1994,1994-06-14,CMR,Cameroon,CAF,24,1364407895,https://en.wikipedia.org/w/index.php?title=1994_FIFA_World_Cup&oldid=1364407895,https://www.fifa.com/fifa-world-ranking/men?dateId=id11
1994,1994-06-14,BEL,Belgium,UEFA,27,1364407895,https://en.wikipedia.org/w/index.php?title=1994_FIFA_World_Cup&oldid=1364407895,https://www.fifa.com/fifa-world-ranking/men?dateId=id11
1994,1994-06-14,MAR,Morocco,CAF,28,1364407895,https://en.wikipedia.org/w/index.php?title=1994_FIFA_World_Cup&oldid=1364407895,https://www.fifa.com/fifa-world-ranking/men?dateId=id11
1994,1994-06-14,BUL,Bulgaria,UEFA,29,1364407895,https://en.wikipedia.org/w/index.php?title=1994_FIFA_World_Cup&oldid=1364407895,https://www.fifa.com/fifa-world-ranking/men?dateId=id11
1994,1994-06-14,GRE,Greece,UEFA,31,1364407895,https://en.wikipedia.org/w/index.php?title=1994_FIFA_World_Cup&oldid=1364407895,https://www.fifa.com/fifa-world-ranking/men?dateId=id11
1994,1994-06-14,KSA,Saudi Arabia,AFC,34,1364407895,https://en.wikipedia.org/w/index.php?title=1994_FIFA_World_Cup&oldid=1364407895,https://www.fifa.com/fifa-world-ranking/men?dateId=id11
1994,1994-06-14,KOR,Korea Republic,AFC,37,1364407895,https://en.wikipedia.org/w/index.php?title=1994_FIFA_World_Cup&oldid=1364407895,https://www.fifa.com/fifa-world-ranking/men?dateId=id11
1994,1994-06-14,BOL,Bolivia,CONMEBOL,43,1364407895,https://en.wikipedia.org/w/index.php?title=1994_FIFA_World_Cup&oldid=1364407895,https://www.fifa.com/fifa-world-ranking/men?dateId=id11
1998,1998-05-20,BRA,Brazil,CONMEBOL,1,1364001590,https://en.wikipedia.org/w/index.php?title=1998_FIFA_World_Cup&oldid=1364001590,https://web.archive.org/web/20160222025820/http://www.fifa.com/fifa-world-ranking/ranking-table/men/rank=50/index.html
1998,1998-05-20,GER,Germany,UEFA,2,1364001590,https://en.wikipedia.org/w/index.php?title=1998_FIFA_World_Cup&oldid=1364001590,https://web.archive.org/web/20160222025820/http://www.fifa.com/fifa-world-ranking/ranking-table/men/rank=50/index.html
1998,1998-05-20,MEX,Mexico,CONCACAF,4,1364001590,https://en.wikipedia.org/w/index.php?title=1998_FIFA_World_Cup&oldid=1364001590,https://web.archive.org/web/20160222025820/http://www.fifa.com/fifa-world-ranking/ranking-table/men/rank=50/index.html
1998,1998-05-20,ENG,England,UEFA,5,1364001590,https://en.wikipedia.org/w/index.php?title=1998_FIFA_World_Cup&oldid=1364001590,https://web.archive.org/web/20160222025820/http://www.fifa.com/fifa-world-ranking/ranking-table/men/rank=50/index.html
1998,1998-05-20,ARG,Argentina,CONMEBOL,6,1364001590,https://en.wikipedia.org/w/index.php?title=1998_FIFA_World_Cup&oldid=1364001590,https://web.archive.org/web/20160222025820/http://www.fifa.com/fifa-world-ranking/ranking-table/men/rank=50/index.html
1998,1998-05-20,NOR,Norway,UEFA,7,1364001590,https://en.wikipedia.org/w/index.php?title=1998_FIFA_World_Cup&oldid=1364001590,https://web.archive.org/web/20160222025820/http://www.fifa.com/fifa-world-ranking/ranking-table/men/rank=50/index.html
1998,1998-05-20,YUG,FR Yugoslavia,UEFA,8,1364001590,https://en.wikipedia.org/w/index.php?title=1998_FIFA_World_Cup&oldid=1364001590,https://web.archive.org/web/20160222025820/http://www.fifa.com/fifa-world-ranking/ranking-table/men/rank=50/index.html
1998,1998-05-20,CHI,Chile,CONMEBOL,9,1364001590,https://en.wikipedia.org/w/index.php?title=1998_FIFA_World_Cup&oldid=1364001590,https://web.archive.org/web/20160222025820/http://www.fifa.com/fifa-world-ranking/ranking-table/men/rank=50/index.html
1998,1998-05-20,COL,Colombia,CONMEBOL,10,1364001590,https://en.wikipedia.org/w/index.php?title=1998_FIFA_World_Cup&oldid=1364001590,https://web.archive.org/web/20160222025820/http://www.fifa.com/fifa-world-ranking/ranking-table/men/rank=50/index.html
1998,1998-05-20,USA,USA,CONCACAF,11,1364001590,https://en.wikipedia.org/w/index.php?title=1998_FIFA_World_Cup&oldid=1364001590,https://web.archive.org/web/20160222025820/http://www.fifa.com/fifa-world-ranking/ranking-table/men/rank=50/index.html
1998,1998-05-20,JPN,Japan,AFC,12,1364001590,https://en.wikipedia.org/w/index.php?title=1998_FIFA_World_Cup&oldid=1364001590,https://web.archive.org/web/20160222025820/http://www.fifa.com/fifa-world-ranking/ranking-table/men/rank=50/index.html
1998,1998-05-20,MAR,Morocco,CAF,13,1364001590,https://en.wikipedia.org/w/index.php?title=1998_FIFA_World_Cup&oldid=1364001590,https://web.archive.org/web/20160222025820/http://www.fifa.com/fifa-world-ranking/ranking-table/men/rank=50/index.html
1998,1998-05-20,ITA,Italy,UEFA,14,1364001590,https://en.wikipedia.org/w/index.php?title=1998_FIFA_World_Cup&oldid=1364001590,https://web.archive.org/web/20160222025820/http://www.fifa.com/fifa-world-ranking/ranking-table/men/rank=50/index.html
1998,1998-05-20,ESP,Spain,UEFA,15,1364001590,https://en.wikipedia.org/w/index.php?title=1998_FIFA_World_Cup&oldid=1364001590,https://web.archive.org/web/20160222025820/http://www.fifa.com/fifa-world-ranking/ranking-table/men/rank=50/index.html
1998,1998-05-20,FRA,France,UEFA,18,1364001590,https://en.wikipedia.org/w/index.php?title=1998_FIFA_World_Cup&oldid=1364001590,https://web.archive.org/web/20160222025820/http://www.fifa.com/fifa-world-ranking/ranking-table/men/rank=50/index.html
1998,1998-05-20,CRO,Croatia,UEFA,19,1364001590,https://en.wikipedia.org/w/index.php?title=1998_FIFA_World_Cup&oldid=1364001590,https://web.archive.org/web/20160222025820/http://www.fifa.com/fifa-world-ranking/ranking-table/men/rank=50/index.html
1998,1998-05-20,KOR,Korea Republic,AFC,20,1364001590,https://en.wikipedia.org/w/index.php?title=1998_FIFA_World_Cup&oldid=1364001590,https://web.archive.org/web/20160222025820/http://www.fifa.com/fifa-world-ranking/ranking-table/men/rank=50/index.html
1998,1998-05-20,TUN,Tunisia,CAF,21,1364001590,https://en.wikipedia.org/w/index.php?title=1998_FIFA_World_Cup&oldid=1364001590,https://web.archive.org/web/20160222025820/http://www.fifa.com/fifa-world-ranking/ranking-table/men/rank=50/index.html
1998,1998-05-20,ROU,Romania,UEFA,22,1364001590,https://en.wikipedia.org/w/index.php?title=1998_FIFA_World_Cup&oldid=1364001590,https://web.archive.org/web/20160222025820/http://www.fifa.com/fifa-world-ranking/ranking-table/men/rank=50/index.html
1998,1998-05-20,RSA,South Africa,CAF,24,1364001590,https://en.wikipedia.org/w/index.php?title=1998_FIFA_World_Cup&oldid=1364001590,https://web.archive.org/web/20160222025820/http://www.fifa.com/fifa-world-ranking/ranking-table/men/rank=50/index.html
1998,1998-05-20,NED,Netherlands,UEFA,25,1364001590,https://en.wikipedia.org/w/index.php?title=1998_FIFA_World_Cup&oldid=1364001590,https://web.archive.org/web/20160222025820/http://www.fifa.com/fifa-world-ranking/ranking-table/men/rank=50/index.html
1998,1998-05-20,DEN,Denmark,UEFA,27,1364001590,https://en.wikipedia.org/w/index.php?title=1998_FIFA_World_Cup&oldid=1364001590,https://web.archive.org/web/20160222025820/http://www.fifa.com/fifa-world-ranking/ranking-table/men/rank=50/index.html
1998,1998-05-20,PAR,Paraguay,CONMEBOL,29,1364001590,https://en.wikipedia.org/w/index.php?title=1998_FIFA_World_Cup&oldid=1364001590,https://web.archive.org/web/20160222025820/http://www.fifa.com/fifa-world-ranking/ranking-table/men/rank=50/index.html
1998,1998-05-20,JAM,Jamaica,CONCACAF,30,1364001590,https://en.wikipedia.org/w/index.php?title=1998_FIFA_World_Cup&oldid=1364001590,https://web.archive.org/web/20160222025820/http://www.fifa.com/fifa-world-ranking/ranking-table/men/rank=50/index.html
1998,1998-05-20,AUT,Austria,UEFA,31,1364001590,https://en.wikipedia.org/w/index.php?title=1998_FIFA_World_Cup&oldid=1364001590,https://web.archive.org/web/20160222025820/http://www.fifa.com/fifa-world-ranking/ranking-table/men/rank=50/index.html
1998,1998-05-20,KSA,Saudi Arabia,AFC,34,1364001590,https://en.wikipedia.org/w/index.php?title=1998_FIFA_World_Cup&oldid=1364001590,https://web.archive.org/web/20160222025820/http://www.fifa.com/fifa-world-ranking/ranking-table/men/rank=50/index.html
1998,1998-05-20,BUL,Bulgaria,UEFA,35,1364001590,https://en.wikipedia.org/w/index.php?title=1998_FIFA_World_Cup&oldid=1364001590,https://web.archive.org/web/20160222025820/http://www.fifa.com/fifa-world-ranking/ranking-table/men/rank=50/index.html
1998,1998-05-20,BEL,Belgium,UEFA,36,1364001590,https://en.wikipedia.org/w/index.php?title=1998_FIFA_World_Cup&oldid=1364001590,https://web.archive.org/web/20160222025820/http://www.fifa.com/fifa-world-ranking/ranking-table/men/rank=50/index.html
1998,1998-05-20,SCO,Scotland,UEFA,41,1364001590,https://en.wikipedia.org/w/index.php?title=1998_FIFA_World_Cup&oldid=1364001590,https://web.archive.org/web/20160222025820/http://www.fifa.com/fifa-world-ranking/ranking-table/men/rank=50/index.html
1998,1998-05-20,IRN,IR Iran,AFC,42,1364001590,https://en.wikipedia.org/w/index.php?title=1998_FIFA_World_Cup&oldid=1364001590,https://web.archive.org/web/20160222025820/http://www.fifa.com/fifa-world-ranking/ranking-table/men/rank=50/index.html
1998,1998-05-20,CMR,Cameroon,CAF,49,1364001590,https://en.wikipedia.org/w/index.php?title=1998_FIFA_World_Cup&oldid=1364001590,https://web.archive.org/web/20160222025820/http://www.fifa.com/fifa-world-ranking/ranking-table/men/rank=50/index.html
1998,1998-05-20,NGA,Nigeria,CAF,74,1364001590,https://en.wikipedia.org/w/index.php?title=1998_FIFA_World_Cup&oldid=1364001590,https://web.archive.org/web/20160222025820/http://www.fifa.com/fifa-world-ranking/ranking-table/men/rank=50/index.html
2002,2002-05-15,FRA,France,UEFA,1,1364572375,https://en.wikipedia.org/w/index.php?title=2002_FIFA_World_Cup&oldid=1364572375,https://web.archive.org/web/20151026211858/http://www.fifa.com/fifa-world-ranking/ranking-table/men/rank=97/index.html
2002,2002-05-15,BRA,Brazil,CONMEBOL,2,1364572375,https://en.wikipedia.org/w/index.php?title=2002_FIFA_World_Cup&oldid=1364572375,https://web.archive.org/web/20151026211858/http://www.fifa.com/fifa-world-ranking/ranking-table/men/rank=97/index.html
2002,2002-05-15,ARG,Argentina,CONMEBOL,3,1364572375,https://en.wikipedia.org/w/index.php?title=2002_FIFA_World_Cup&oldid=1364572375,https://web.archive.org/web/20151026211858/http://www.fifa.com/fifa-world-ranking/ranking-table/men/rank=97/index.html
2002,2002-05-15,POR,Portugal,UEFA,5,1364572375,https://en.wikipedia.org/w/index.php?title=2002_FIFA_World_Cup&oldid=1364572375,https://web.archive.org/web/20151026211858/http://www.fifa.com/fifa-world-ranking/ranking-table/men/rank=97/index.html
2002,2002-05-15,ITA,Italy,UEFA,6,1364572375,https://en.wikipedia.org/w/index.php?title=2002_FIFA_World_Cup&oldid=1364572375,https://web.archive.org/web/20151026211858/http://www.fifa.com/fifa-world-ranking/ranking-table/men/rank=97/index.html
2002,2002-05-15,MEX,Mexico,CONCACAF,7,1364572375,https://en.wikipedia.org/w/index.php?title=2002_FIFA_World_Cup&oldid=1364572375,https://web.archive.org/web/20151026211858/http://www.fifa.com/fifa-world-ranking/ranking-table/men/rank=97/index.html
2002,2002-05-15,ESP,Spain,UEFA,8,1364572375,https://en.wikipedia.org/w/index.php?title=2002_FIFA_World_Cup&oldid=1364572375,https://web.archive.org/web/20151026211858/http://www.fifa.com/fifa-world-ranking/ranking-table/men/rank=97/index.html
2002,2002-05-15,GER,Germany,UEFA,11,1364572375,https://en.wikipedia.org/w/index.php?title=2002_FIFA_World_Cup&oldid=1364572375,https://web.archive.org/web/20151026211858/http://www.fifa.com/fifa-world-ranking/ranking-table/men/rank=97/index.html
2002,2002-05-15,ENG,England,UEFA,12,1364572375,https://en.wikipedia.org/w/index.php?title=2002_FIFA_World_Cup&oldid=1364572375,https://web.archive.org/web/20151026211858/http://www.fifa.com/fifa-world-ranking/ranking-table/men/rank=97/index.html
2002,2002-05-15,USA,USA,CONCACAF,13,1364572375,https://en.wikipedia.org/w/index.php?title=2002_FIFA_World_Cup&oldid=1364572375,https://web.archive.org/web/20151026211858/http://www.fifa.com/fifa-world-ranking/ranking-table/men/rank=97/index.html
2002,2002-05-15,IRL,Republic of Ireland,UEFA,15,1364572375,https://en.wikipedia.org/w/index.php?title=2002_FIFA_World_Cup&oldid=1364572375,https://web.archive.org/web/20151026211858/http://www.fifa.com/fifa-world-ranking/ranking-table/men/rank=97/index.html
2002,2002-05-15,CMR,Cameroon,CAF,17,1364572375,https://en.wikipedia.org/w/index.php?title=2002_FIFA_World_Cup&oldid=1364572375,https://web.archive.org/web/20151026211858/http://www.fifa.com/fifa-world-ranking/ranking-table/men/rank=97/index.html
2002,2002-05-15,PAR,Paraguay,CONMEBOL,18,1364572375,https://en.wikipedia.org/w/index.php?title=2002_FIFA_World_Cup&oldid=1364572375,https://web.archive.org/web/20151026211858/http://www.fifa.com/fifa-world-ranking/ranking-table/men/rank=97/index.html
2002,2002-05-15,SWE,Sweden,UEFA,19,1364572375,https://en.wikipedia.org/w/index.php?title=2002_FIFA_World_Cup&oldid=1364572375,https://web.archive.org/web/20151026211858/http://www.fifa.com/fifa-world-ranking/ranking-table/men/rank=97/index.html
2002,2002-05-15,DEN,Denmark,UEFA,20,1364572375,https://en.wikipedia.org/w/index.php?title=2002_FIFA_World_Cup&oldid=1364572375,https://web.archive.org/web/20151026211858/http://www.fifa.com/fifa-world-ranking/ranking-table/men/rank=97/index.html
2002,2002-05-15,CRO,Croatia,UEFA,21,1364572375,https://en.wikipedia.org/w/index.php?title=2002_FIFA_World_Cup&oldid=1364572375,https://web.archive.org/web/20151026211858/http://www.fifa.com/fifa-world-ranking/ranking-table/men/rank=97/index.html
2002,2002-05-15,TUR,Turkey,UEFA,22,1364572375,https://en.wikipedia.org/w/index.php?title=2002_FIFA_World_Cup&oldid=1364572375,https://web.archive.org/web/20151026211858/http://www.fifa.com/fifa-world-ranking/ranking-table/men/rank=97/index.html
2002,2002-05-15,BEL,Belgium,UEFA,23,1364572375,https://en.wikipedia.org/w/index.php?title=2002_FIFA_World_Cup&oldid=1364572375,https://web.archive.org/web/20151026211858/http://www.fifa.com/fifa-world-ranking/ranking-table/men/rank=97/index.html
2002,2002-05-15,URU,Uruguay,CONMEBOL,24,1364572375,https://en.wikipedia.org/w/index.php?title=2002_FIFA_World_Cup&oldid=1364572375,https://web.archive.org/web/20151026211858/http://www.fifa.com/fifa-world-ranking/ranking-table/men/rank=97/index.html
2002,2002-05-15,SVN,Slovenia,UEFA,25,1364572375,https://en.wikipedia.org/w/index.php?title=2002_FIFA_World_Cup&oldid=1364572375,https://web.archive.org/web/20151026211858/http://www.fifa.com/fifa-world-ranking/ranking-table/men/rank=97/index.html
2002,2002-05-15,NGA,Nigeria,CAF,27,1364572375,https://en.wikipedia.org/w/index.php?title=2002_FIFA_World_Cup&oldid=1364572375,https://web.archive.org/web/20151026211858/http://www.fifa.com/fifa-world-ranking/ranking-table/men/rank=97/index.html
2002,2002-05-15,RUS,Russia,UEFA,28,1364572375,https://en.wikipedia.org/w/index.php?title=2002_FIFA_World_Cup&oldid=1364572375,https://web.archive.org/web/20151026211858/http://www.fifa.com/fifa-world-ranking/ranking-table/men/rank=97/index.html
2002,2002-05-15,CRC,Costa Rica,CONCACAF,29,1364572375,https://en.wikipedia.org/w/index.php?title=2002_FIFA_World_Cup&oldid=1364572375,https://web.archive.org/web/20151026211858/http://www.fifa.com/fifa-world-ranking/ranking-table/men/rank=97/index.html
2002,2002-05-15,TUN,Tunisia,CAF,31,1364572375,https://en.wikipedia.org/w/index.php?title=2002_FIFA_World_Cup&oldid=1364572375,https://web.archive.org/web/20151026211858/http://www.fifa.com/fifa-world-ranking/ranking-table/men/rank=97/index.html
2002,2002-05-15,JPN,Japan,AFC,32,1364572375,https://en.wikipedia.org/w/index.php?title=2002_FIFA_World_Cup&oldid=1364572375,https://web.archive.org/web/20151026211858/http://www.fifa.com/fifa-world-ranking/ranking-table/men/rank=97/index.html
2002,2002-05-15,KSA,Saudi Arabia,AFC,34,1364572375,https://en.wikipedia.org/w/index.php?title=2002_FIFA_World_Cup&oldid=1364572375,https://web.archive.org/web/20151026211858/http://www.fifa.com/fifa-world-ranking/ranking-table/men/rank=97/index.html
2002,2002-05-15,ECU,Ecuador,CONMEBOL,36,1364572375,https://en.wikipedia.org/w/index.php?title=2002_FIFA_World_Cup&oldid=1364572375,https://web.archive.org/web/20151026211858/http://www.fifa.com/fifa-world-ranking/ranking-table/men/rank=97/index.html
2002,2002-05-15,RSA,South Africa,CAF,37,1364572375,https://en.wikipedia.org/w/index.php?title=2002_FIFA_World_Cup&oldid=1364572375,https://web.archive.org/web/20151026211858/http://www.fifa.com/fifa-world-ranking/ranking-table/men/rank=97/index.html
2002,2002-05-15,POL,Poland,UEFA,38,1364572375,https://en.wikipedia.org/w/index.php?title=2002_FIFA_World_Cup&oldid=1364572375,https://web.archive.org/web/20151026211858/http://www.fifa.com/fifa-world-ranking/ranking-table/men/rank=97/index.html
2002,2002-05-15,KOR,Korea Republic,AFC,40,1364572375,https://en.wikipedia.org/w/index.php?title=2002_FIFA_World_Cup&oldid=1364572375,https://web.archive.org/web/20151026211858/http://www.fifa.com/fifa-world-ranking/ranking-table/men/rank=97/index.html
2002,2002-05-15,SEN,Senegal,CAF,42,1364572375,https://en.wikipedia.org/w/index.php?title=2002_FIFA_World_Cup&oldid=1364572375,https://web.archive.org/web/20151026211858/http://www.fifa.com/fifa-world-ranking/ranking-table/men/rank=97/index.html
2002,2002-05-15,CHN,China PR,AFC,50,1364572375,https://en.wikipedia.org/w/index.php?title=2002_FIFA_World_Cup&oldid=1364572375,https://web.archive.org/web/20151026211858/http://www.fifa.com/fifa-world-ranking/ranking-table/men/rank=97/index.html
2006,2006-05-17,BRA,Brazil,CONMEBOL,1,1364371717,https://en.wikipedia.org/w/index.php?title=2006_FIFA_World_Cup&oldid=1364371717,https://inside.fifa.com/fifa-world-ranking
2006,2006-05-17,CZE,Czech Republic,UEFA,2,1364371717,https://en.wikipedia.org/w/index.php?title=2006_FIFA_World_Cup&oldid=1364371717,https://inside.fifa.com/fifa-world-ranking
2006,2006-05-17,NED,Netherlands,UEFA,3,1364371717,https://en.wikipedia.org/w/index.php?title=2006_FIFA_World_Cup&oldid=1364371717,https://inside.fifa.com/fifa-world-ranking
2006,2006-05-17,MEX,Mexico,CONCACAF,4,1364371717,https://en.wikipedia.org/w/index.php?title=2006_FIFA_World_Cup&oldid=1364371717,https://inside.fifa.com/fifa-world-ranking
2006,2006-05-17,ESP,Spain,UEFA,5,1364371717,https://en.wikipedia.org/w/index.php?title=2006_FIFA_World_Cup&oldid=1364371717,https://inside.fifa.com/fifa-world-ranking
2006,2006-05-17,USA,USA,CONCACAF,5,1364371717,https://en.wikipedia.org/w/index.php?title=2006_FIFA_World_Cup&oldid=1364371717,https://inside.fifa.com/fifa-world-ranking
2006,2006-05-17,POR,Portugal,UEFA,7,1364371717,https://en.wikipedia.org/w/index.php?title=2006_FIFA_World_Cup&oldid=1364371717,https://inside.fifa.com/fifa-world-ranking
2006,2006-05-17,FRA,France,UEFA,8,1364371717,https://en.wikipedia.org/w/index.php?title=2006_FIFA_World_Cup&oldid=1364371717,https://inside.fifa.com/fifa-world-ranking
2006,2006-05-17,ARG,Argentina,CONMEBOL,9,1364371717,https://en.wikipedia.org/w/index.php?title=2006_FIFA_World_Cup&oldid=1364371717,https://inside.fifa.com/fifa-world-ranking
2006,2006-05-17,ENG,England,UEFA,10,1364371717,https://en.wikipedia.org/w/index.php?title=2006_FIFA_World_Cup&oldid=1364371717,https://inside.fifa.com/fifa-world-ranking
2006,2006-05-17,ITA,Italy,UEFA,13,1364371717,https://en.wikipedia.org/w/index.php?title=2006_FIFA_World_Cup&oldid=1364371717,https://inside.fifa.com/fifa-world-ranking
2006,2006-05-17,SWE,Sweden,UEFA,16,1364371717,https://en.wikipedia.org/w/index.php?title=2006_FIFA_World_Cup&oldid=1364371717,https://inside.fifa.com/fifa-world-ranking
2006,2006-05-17,JPN,Japan,AFC,18,1364371717,https://en.wikipedia.org/w/index.php?title=2006_FIFA_World_Cup&oldid=1364371717,https://inside.fifa.com/fifa-world-ranking
2006,2006-05-17,GER,Germany,UEFA,19,1364371717,https://en.wikipedia.org/w/index.php?title=2006_FIFA_World_Cup&oldid=1364371717,https://inside.fifa.com/fifa-world-ranking
2006,2006-05-17,TUN,Tunisia,CAF,21,1364371717,https://en.wikipedia.org/w/index.php?title=2006_FIFA_World_Cup&oldid=1364371717,https://inside.fifa.com/fifa-world-ranking
2006,2006-05-17,CRO,Croatia,UEFA,23,1364371717,https://en.wikipedia.org/w/index.php?title=2006_FIFA_World_Cup&oldid=1364371717,https://inside.fifa.com/fifa-world-ranking
2006,2006-05-17,IRN,IR Iran,AFC,23,1364371717,https://en.wikipedia.org/w/index.php?title=2006_FIFA_World_Cup&oldid=1364371717,https://inside.fifa.com/fifa-world-ranking
2006,2006-05-17,CRC,Costa Rica,CONCACAF,26,1364371717,https://en.wikipedia.org/w/index.php?title=2006_FIFA_World_Cup&oldid=1364371717,https://inside.fifa.com/fifa-world-ranking
2006,2006-05-17,KOR,Korea Republic,AFC,29,1364371717,https://en.wikipedia.org/w/index.php?title=2006_FIFA_World_Cup&oldid=1364371717,https://inside.fifa.com/fifa-world-ranking
2006,2006-05-17,POL,Poland,UEFA,29,1364371717,https://en.wikipedia.org/w/index.php?title=2006_FIFA_World_Cup&oldid=1364371717,https://inside.fifa.com/fifa-world-ranking
2006,2006-05-17,CIV,Côte d'Ivoire,CAF,32,1364371717,https://en.wikipedia.org/w/index.php?title=2006_FIFA_World_Cup&oldid=1364371717,https://inside.fifa.com/fifa-world-ranking
2006,2006-05-17,PAR,Paraguay,CONMEBOL,33,1364371717,https://en.wikipedia.org/w/index.php?title=2006_FIFA_World_Cup&oldid=1364371717,https://inside.fifa.com/fifa-world-ranking
2006,2006-05-17,KSA,Saudi Arabia,AFC,34,1364371717,https://en.wikipedia.org/w/index.php?title=2006_FIFA_World_Cup&oldid=1364371717,https://inside.fifa.com/fifa-world-ranking
2006,2006-05-17,SUI,Switzerland,UEFA,35,1364371717,https://en.wikipedia.org/w/index.php?title=2006_FIFA_World_Cup&oldid=1364371717,https://inside.fifa.com/fifa-world-ranking
2006,2006-05-17,ECU,Ecuador,CONMEBOL,39,1364371717,https://en.wikipedia.org/w/index.php?title=2006_FIFA_World_Cup&oldid=1364371717,https://inside.fifa.com/fifa-world-ranking
2006,2006-05-17,AUS,Australia,OFC,42,1364371717,https://en.wikipedia.org/w/index.php?title=2006_FIFA_World_Cup&oldid=1364371717,https://inside.fifa.com/fifa-world-ranking
2006,2006-05-17,SCG,Serbia and Montenegro,UEFA,44,1364371717,https://en.wikipedia.org/w/index.php?title=2006_FIFA_World_Cup&oldid=1364371717,https://inside.fifa.com/fifa-world-ranking
2006,2006-05-17,UKR,Ukraine,UEFA,45,1364371717,https://en.wikipedia.org/w/index.php?title=2006_FIFA_World_Cup&oldid=1364371717,https://inside.fifa.com/fifa-world-ranking
2006,2006-05-17,TRI,Trinidad and Tobago,CONCACAF,47,1364371717,https://en.wikipedia.org/w/index.php?title=2006_FIFA_World_Cup&oldid=1364371717,https://inside.fifa.com/fifa-world-ranking
2006,2006-05-17,GHA,Ghana,CAF,48,1364371717,https://en.wikipedia.org/w/index.php?title=2006_FIFA_World_Cup&oldid=1364371717,https://inside.fifa.com/fifa-world-ranking
2006,2006-05-17,ANG,Angola,CAF,57,1364371717,https://en.wikipedia.org/w/index.php?title=2006_FIFA_World_Cup&oldid=1364371717,https://inside.fifa.com/fifa-world-ranking
2006,2006-05-17,TOG,Togo,CAF,61,1364371717,https://en.wikipedia.org/w/index.php?title=2006_FIFA_World_Cup&oldid=1364371717,https://inside.fifa.com/fifa-world-ranking
2010,2010-05-26,BRA,Brazil,CONMEBOL,1,1363928575,https://en.wikipedia.org/w/index.php?title=2010_FIFA_World_Cup&oldid=1363928575,https://web.archive.org/web/20191006015211/https://www.fifa.com/fifa-world-ranking/ranking-table/men/rank/id9054/
2010,2010-05-26,ESP,Spain,UEFA,2,1363928575,https://en.wikipedia.org/w/index.php?title=2010_FIFA_World_Cup&oldid=1363928575,https://web.archive.org/web/20191006015211/https://www.fifa.com/fifa-world-ranking/ranking-table/men/rank/id9054/
2010,2010-05-26,POR,Portugal,UEFA,3,1363928575,https://en.wikipedia.org/w/index.php?title=2010_FIFA_World_Cup&oldid=1363928575,https://web.archive.org/web/20191006015211/https://www.fifa.com/fifa-world-ranking/ranking-table/men/rank/id9054/
2010,2010-05-26,NED,Netherlands,UEFA,4,1363928575,https://en.wikipedia.org/w/index.php?title=2010_FIFA_World_Cup&oldid=1363928575,https://web.archive.org/web/20191006015211/https://www.fifa.com/fifa-world-ranking/ranking-table/men/rank/id9054/
2010,2010-05-26,ITA,Italy,UEFA,5,1363928575,https://en.wikipedia.org/w/index.php?title=2010_FIFA_World_Cup&oldid=1363928575,https://web.archive.org/web/20191006015211/https://www.fifa.com/fifa-world-ranking/ranking-table/men/rank/id9054/
2010,2010-05-26,GER,Germany,UEFA,6,1363928575,https://en.wikipedia.org/w/index.php?title=2010_FIFA_World_Cup&oldid=1363928575,https://web.archive.org/web/20191006015211/https://www.fifa.com/fifa-world-ranking/ranking-table/men/rank/id9054/
2010,2010-05-26,ARG,Argentina,CONMEBOL,7,1363928575,https://en.wikipedia.org/w/index.php?title=2010_FIFA_World_Cup&oldid=1363928575,https://web.archive.org/web/20191006015211/https://www.fifa.com/fifa-world-ranking/ranking-table/men/rank/id9054/
2010,2010-05-26,ENG,England,UEFA,8,1363928575,https://en.wikipedia.org/w/index.php?title=2010_FIFA_World_Cup&oldid=1363928575,https://web.archive.org/web/20191006015211/https://www.fifa.com/fifa-world-ranking/ranking-table/men/rank/id9054/
2010,2010-05-26,FRA,France,UEFA,9,1363928575,https://en.wikipedia.org/w/index.php?title=2010_FIFA_World_Cup&oldid=1363928575,https://web.archive.org/web/20191006015211/https://www.fifa.com/fifa-world-ranking/ranking-table/men/rank/id9054/
2010,2010-05-26,GRE,Greece,UEFA,13,1363928575,https://en.wikipedia.org/w/index.php?title=2010_FIFA_World_Cup&oldid=1363928575,https://web.archive.org/web/20191006015211/https://www.fifa.com/fifa-world-ranking/ranking-table/men/rank/id9054/
2010,2010-05-26,USA,USA,CONCACAF,14,1363928575,https://en.wikipedia.org/w/index.php?title=2010_FIFA_World_Cup&oldid=1363928575,https://web.archive.org/web/20191006015211/https://www.fifa.com/fifa-world-ranking/ranking-table/men/rank/id9054/
2010,2010-05-26,SRB,Serbia,UEFA,15,1363928575,https://en.wikipedia.org/w/index.php?title=2010_FIFA_World_Cup&oldid=1363928575,https://web.archive.org/web/20191006015211/https://www.fifa.com/fifa-world-ranking/ranking-table/men/rank/id9054/
2010,2010-05-26,URU,Uruguay,CONMEBOL,16,1363928575,https://en.wikipedia.org/w/index.php?title=2010_FIFA_World_Cup&oldid=1363928575,https://web.archive.org/web/20191006015211/https://www.fifa.com/fifa-world-ranking/ranking-table/men/rank/id9054/
2010,2010-05-26,MEX,Mexico,CONCACAF,17,1363928575,https://en.wikipedia.org/w/index.php?title=2010_FIFA_World_Cup&oldid=1363928575,https://web.archive.org/web/20191006015211/https://www.fifa.com/fifa-world-ranking/ranking-table/men/rank/id9054/
2010,2010-05-26,CHI,Chile,CONMEBOL,18,1363928575,https://en.wikipedia.org/w/index.php?title=2010_FIFA_World_Cup&oldid=1363928575,https://web.archive.org/web/20191006015211/https://www.fifa.com/fifa-world-ranking/ranking-table/men/rank/id9054/
2010,2010-05-26,CMR,Cameroon,CAF,19,1363928575,https://en.wikipedia.org/w/index.php?title=2010_FIFA_World_Cup&oldid=1363928575,https://web.archive.org/web/20191006015211/https://www.fifa.com/fifa-world-ranking/ranking-table/men/rank/id9054/
2010,2010-05-26,AUS,Australia,AFC,20,1363928575,https://en.wikipedia.org/w/index.php?title=2010_FIFA_World_Cup&oldid=1363928575,https://web.archive.org/web/20191006015211/https://www.fifa.com/fifa-world-ranking/ranking-table/men/rank/id9054/
2010,2010-05-26,NGA,Nigeria,CAF,21,1363928575,https://en.wikipedia.org/w/index.php?title=2010_FIFA_World_Cup&oldid=1363928575,https://web.archive.org/web/20191006015211/https://www.fifa.com/fifa-world-ranking/ranking-table/men/rank/id9054/
2010,2010-05-26,SUI,Switzerland,UEFA,24,1363928575,https://en.wikipedia.org/w/index.php?title=2010_FIFA_World_Cup&oldid=1363928575,https://web.archive.org/web/20191006015211/https://www.fifa.com/fifa-world-ranking/ranking-table/men/rank/id9054/
2010,2010-05-26,SVN,Slovenia,UEFA,25,1363928575,https://en.wikipedia.org/w/index.php?title=2010_FIFA_World_Cup&oldid=1363928575,https://web.archive.org/web/20191006015211/https://www.fifa.com/fifa-world-ranking/ranking-table/men/rank/id9054/
2010,2010-05-26,CIV,Côte d'Ivoire,CAF,27,1363928575,https://en.wikipedia.org/w/index.php?title=2010_FIFA_World_Cup&oldid=1363928575,https://web.archive.org/web/20191006015211/https://www.fifa.com/fifa-world-ranking/ranking-table/men/rank/id9054/
2010,2010-05-26,ALG,Algeria,CAF,30,1363928575,https://en.wikipedia.org/w/index.php?title=2010_FIFA_World_Cup&oldid=1363928575,https://web.archive.org/web/20191006015211/https://www.fifa.com/fifa-world-ranking/ranking-table/men/rank/id9054/
2010,2010-05-26,PAR,Paraguay,CONMEBOL,31,1363928575,https://en.wikipedia.org/w/index.php?title=2010_FIFA_World_Cup&oldid=1363928575,https://web.archive.org/web/20191006015211/https://www.fifa.com/fifa-world-ranking/ranking-table/men/rank/id9054/
2010,2010-05-26,GHA,Ghana,CAF,32,1363928575,https://en.wikipedia.org/w/index.php?title=2010_FIFA_World_Cup&oldid=1363928575,https://web.archive.org/web/20191006015211/https://www.fifa.com/fifa-world-ranking/ranking-table/men/rank/id9054/
2010,2010-05-26,SVK,Slovakia,UEFA,34,1363928575,https://en.wikipedia.org/w/index.php?title=2010_FIFA_World_Cup&oldid=1363928575,https://web.archive.org/web/20191006015211/https://www.fifa.com/fifa-world-ranking/ranking-table/men/rank/id9054/
2010,2010-05-26,DEN,Denmark,UEFA,36,1363928575,https://en.wikipedia.org/w/index.php?title=2010_FIFA_World_Cup&oldid=1363928575,https://web.archive.org/web/20191006015211/https://www.fifa.com/fifa-world-ranking/ranking-table/men/rank/id9054/
2010,2010-05-26,HON,Honduras,CONCACAF,38,1363928575,https://en.wikipedia.org/w/index.php?title=2010_FIFA_World_Cup&oldid=1363928575,https://web.archive.org/web/20191006015211/https://www.fifa.com/fifa-world-ranking/ranking-table/men/rank/id9054/
2010,2010-05-26,JPN,Japan,AFC,45,1363928575,https://en.wikipedia.org/w/index.php?title=2010_FIFA_World_Cup&oldid=1363928575,https://web.archive.org/web/20191006015211/https://www.fifa.com/fifa-world-ranking/ranking-table/men/rank/id9054/
2010,2010-05-26,KOR,Korea Republic,AFC,47,1363928575,https://en.wikipedia.org/w/index.php?title=2010_FIFA_World_Cup&oldid=1363928575,https://web.archive.org/web/20191006015211/https://www.fifa.com/fifa-world-ranking/ranking-table/men/rank/id9054/
2010,2010-05-26,NZL,New Zealand,OFC,78,1363928575,https://en.wikipedia.org/w/index.php?title=2010_FIFA_World_Cup&oldid=1363928575,https://web.archive.org/web/20191006015211/https://www.fifa.com/fifa-world-ranking/ranking-table/men/rank/id9054/
2010,2010-05-26,RSA,South Africa,CAF,83,1363928575,https://en.wikipedia.org/w/index.php?title=2010_FIFA_World_Cup&oldid=1363928575,https://web.archive.org/web/20191006015211/https://www.fifa.com/fifa-world-ranking/ranking-table/men/rank/id9054/
2010,2010-05-26,PRK,Korea DPR,AFC,105,1363928575,https://en.wikipedia.org/w/index.php?title=2010_FIFA_World_Cup&oldid=1363928575,https://web.archive.org/web/20191006015211/https://www.fifa.com/fifa-world-ranking/ranking-table/men/rank/id9054/
2014,2014-06-05,ESP,Spain,UEFA,1,1363796172,https://en.wikipedia.org/w/index.php?title=2014_FIFA_World_Cup&oldid=1363796172,https://web.archive.org/web/20141107005059/http://www.fifa.com/fifa-world-ranking/ranking-table/men/rank=239/index.html
2014,2014-06-05,GER,Germany,UEFA,2,1363796172,https://en.wikipedia.org/w/index.php?title=2014_FIFA_World_Cup&oldid=1363796172,https://web.archive.org/web/20141107005059/http://www.fifa.com/fifa-world-ranking/ranking-table/men/rank=239/index.html
2014,2014-06-05,BRA,Brazil,CONMEBOL,3,1363796172,https://en.wikipedia.org/w/index.php?title=2014_FIFA_World_Cup&oldid=1363796172,https://web.archive.org/web/20141107005059/http://www.fifa.com/fifa-world-ranking/ranking-table/men/rank=239/index.html
2014,2014-06-05,POR,Portugal,UEFA,4,1363796172,https://en.wikipedia.org/w/index.php?title=2014_FIFA_World_Cup&oldid=1363796172,https://web.archive.org/web/20141107005059/http://www.fifa.com/fifa-world-ranking/ranking-table/men/rank=239/index.html
2014,2014-06-05,ARG,Argentina,CONMEBOL,5,1363796172,https://en.wikipedia.org/w/index.php?title=2014_FIFA_World_Cup&oldid=1363796172,https://web.archive.org/web/20141107005059/http://www.fifa.com/fifa-world-ranking/ranking-table/men/rank=239/index.html
2014,2014-06-05,SUI,Switzerland,UEFA,6,1363796172,https://en.wikipedia.org/w/index.php?title=2014_FIFA_World_Cup&oldid=1363796172,https://web.archive.org/web/20141107005059/http://www.fifa.com/fifa-world-ranking/ranking-table/men/rank=239/index.html
2014,2014-06-05,URU,Uruguay,CONMEBOL,7,1363796172,https://en.wikipedia.org/w/index.php?title=2014_FIFA_World_Cup&oldid=1363796172,https://web.archive.org/web/20141107005059/http://www.fifa.com/fifa-world-ranking/ranking-table/men/rank=239/index.html
2014,2014-06-05,COL,Colombia,CONMEBOL,8,1363796172,https://en.wikipedia.org/w/index.php?title=2014_FIFA_World_Cup&oldid=1363796172,https://web.archive.org/web/20141107005059/http://www.fifa.com/fifa-world-ranking/ranking-table/men/rank=239/index.html
2014,2014-06-05,ITA,Italy,UEFA,9,1363796172,https://en.wikipedia.org/w/index.php?title=2014_FIFA_World_Cup&oldid=1363796172,https://web.archive.org/web/20141107005059/http://www.fifa.com/fifa-world-ranking/ranking-table/men/rank=239/index.html
2014,2014-06-05,ENG,England,UEFA,10,1363796172,https://en.wikipedia.org/w/index.php?title=2014_FIFA_World_Cup&oldid=1363796172,https://web.archive.org/web/20141107005059/http://www.fifa.com/fifa-world-ranking/ranking-table/men/rank=239/index.html
2014,2014-06-05,BEL,Belgium,UEFA,11,1363796172,https://en.wikipedia.org/w/index.php?title=2014_FIFA_World_Cup&oldid=1363796172,https://web.archive.org/web/20141107005059/http://www.fifa.com/fifa-world-ranking/ranking-table/men/rank=239/index.html
2014,2014-06-05,GRE,Greece,UEFA,12,1363796172,https://en.wikipedia.org/w/index.php?title=2014_FIFA_World_Cup&oldid=1363796172,https://web.archive.org/web/20141107005059/http://www.fifa.com/fifa-world-ranking/ranking-table/men/rank=239/index.html
2014,2014-06-05,USA,USA,CONCACAF,13,1363796172,https://en.wikipedia.org/w/index.php?title=2014_FIFA_World_Cup&oldid=1363796172,https://web.archive.org/web/20141107005059/http://www.fifa.com/fifa-world-ranking/ranking-table/men/rank=239/index.html
2014,2014-06-05,CHI,Chile,CONMEBOL,14,1363796172,https://en.wikipedia.org/w/index.php?title=2014_FIFA_World_Cup&oldid=1363796172,https://web.archive.org/web/20141107005059/http://www.fifa.com/fifa-world-ranking/ranking-table/men/rank=239/index.html
2014,2014-06-05,NED,Netherlands,UEFA,15,1363796172,https://en.wikipedia.org/w/index.php?title=2014_FIFA_World_Cup&oldid=1363796172,https://web.archive.org/web/20141107005059/http://www.fifa.com/fifa-world-ranking/ranking-table/men/rank=239/index.html
2014,2014-06-05,FRA,France,UEFA,17,1363796172,https://en.wikipedia.org/w/index.php?title=2014_FIFA_World_Cup&oldid=1363796172,https://web.archive.org/web/20141107005059/http://www.fifa.com/fifa-world-ranking/ranking-table/men/rank=239/index.html
2014,2014-06-05,CRO,Croatia,UEFA,18,1363796172,https://en.wikipedia.org/w/index.php?title=2014_FIFA_World_Cup&oldid=1363796172,https://web.archive.org/web/20141107005059/http://www.fifa.com/fifa-world-ranking/ranking-table/men/rank=239/index.html
2014,2014-06-05,RUS,Russia,UEFA,19,1363796172,https://en.wikipedia.org/w/index.php?title=2014_FIFA_World_Cup&oldid=1363796172,https://web.archive.org/web/20141107005059/http://www.fifa.com/fifa-world-ranking/ranking-table/men/rank=239/index.html
2014,2014-06-05,MEX,Mexico,CONCACAF,20,1363796172,https://en.wikipedia.org/w/index.php?title=2014_FIFA_World_Cup&oldid=1363796172,https://web.archive.org/web/20141107005059/http://www.fifa.com/fifa-world-ranking/ranking-table/men/rank=239/index.html
2014,2014-06-05,BIH,Bosnia and Herzegovina,UEFA,21,1363796172,https://en.wikipedia.org/w/index.php?title=2014_FIFA_World_Cup&oldid=1363796172,https://web.archive.org/web/20141107005059/http://www.fifa.com/fifa-world-ranking/ranking-table/men/rank=239/index.html
2014,2014-06-05,ALG,Algeria,CAF,22,1363796172,https://en.wikipedia.org/w/index.php?title=2014_FIFA_World_Cup&oldid=1363796172,https://web.archive.org/web/20141107005059/http://www.fifa.com/fifa-world-ranking/ranking-table/men/rank=239/index.html
2014,2014-06-05,CIV,Côte d'Ivoire,CAF,23,1363796172,https://en.wikipedia.org/w/index.php?title=2014_FIFA_World_Cup&oldid=1363796172,https://web.archive.org/web/20141107005059/http://www.fifa.com/fifa-world-ranking/ranking-table/men/rank=239/index.html
2014,2014-06-05,ECU,Ecuador,CONMEBOL,26,1363796172,https://en.wikipedia.org/w/index.php?title=2014_FIFA_World_Cup&oldid=1363796172,https://web.archive.org/web/20141107005059/http://www.fifa.com/fifa-world-ranking/ranking-table/men/rank=239/index.html
2014,2014-06-05,CRC,Costa Rica,CONCACAF,28,1363796172,https://en.wikipedia.org/w/index.php?title=2014_FIFA_World_Cup&oldid=1363796172,https://web.archive.org/web/20141107005059/http://www.fifa.com/fifa-world-ranking/ranking-table/men/rank=239/index.html
2014,2014-06-05,HON,Honduras,CONCACAF,33,1363796172,https://en.wikipedia.org/w/index.php?title=2014_FIFA_World_Cup&oldid=1363796172,https://web.archive.org/web/20141107005059/http://www.fifa.com/fifa-world-ranking/ranking-table/men/rank=239/index.html
2014,2014-06-05,GHA,Ghana,CAF,37,1363796172,https://en.wikipedia.org/w/index.php?title=2014_FIFA_World_Cup&oldid=1363796172,https://web.archive.org/web/20141107005059/http://www.fifa.com/fifa-world-ranking/ranking-table/men/rank=239/index.html
2014,2014-06-05,IRN,IR Iran,AFC,43,1363796172,https://en.wikipedia.org/w/index.php?title=2014_FIFA_World_Cup&oldid=1363796172,https://web.archive.org/web/20141107005059/http://www.fifa.com/fifa-world-ranking/ranking-table/men/rank=239/index.html
2014,2014-06-05,NGA,Nigeria,CAF,44,1363796172,https://en.wikipedia.org/w/index.php?title=2014_FIFA_World_Cup&oldid=1363796172,https://web.archive.org/web/20141107005059/http://www.fifa.com/fifa-world-ranking/ranking-table/men/rank=239/index.html
2014,2014-06-05,JPN,Japan,AFC,46,1363796172,https://en.wikipedia.org/w/index.php?title=2014_FIFA_World_Cup&oldid=1363796172,https://web.archive.org/web/20141107005059/http://www.fifa.com/fifa-world-ranking/ranking-table/men/rank=239/index.html
2014,2014-06-05,CMR,Cameroon,CAF,56,1363796172,https://en.wikipedia.org/w/index.php?title=2014_FIFA_World_Cup&oldid=1363796172,https://web.archive.org/web/20141107005059/http://www.fifa.com/fifa-world-ranking/ranking-table/men/rank=239/index.html
2014,2014-06-05,KOR,Korea Republic,AFC,57,1363796172,https://en.wikipedia.org/w/index.php?title=2014_FIFA_World_Cup&oldid=1363796172,https://web.archive.org/web/20141107005059/http://www.fifa.com/fifa-world-ranking/ranking-table/men/rank=239/index.html
2014,2014-06-05,AUS,Australia,AFC,62,1363796172,https://en.wikipedia.org/w/index.php?title=2014_FIFA_World_Cup&oldid=1363796172,https://web.archive.org/web/20141107005059/http://www.fifa.com/fifa-world-ranking/ranking-table/men/rank=239/index.html
2018,2018-06-07,GER,Germany,UEFA,1,1364201186,https://en.wikipedia.org/w/index.php?title=2018_FIFA_World_Cup&oldid=1364201186,https://inside.fifa.com/tournaments/mens/worldcup/2018russia/news/calculating-russia-2018-s-toughest-groups
2018,2018-06-07,BRA,Brazil,CONMEBOL,2,1364201186,https://en.wikipedia.org/w/index.php?title=2018_FIFA_World_Cup&oldid=1364201186,https://inside.fifa.com/tournaments/mens/worldcup/2018russia/news/calculating-russia-2018-s-toughest-groups
2018,2018-06-07,BEL,Belgium,UEFA,3,1364201186,https://en.wikipedia.org/w/index.php?title=2018_FIFA_World_Cup&oldid=1364201186,https://inside.fifa.com/tournaments/mens/worldcup/2018russia/news/calculating-russia-2018-s-toughest-groups
2018,2018-06-07,POR,Portugal,UEFA,4,1364201186,https://en.wikipedia.org/w/index.php?title=2018_FIFA_World_Cup&oldid=1364201186,https://inside.fifa.com/tournaments/mens/worldcup/2018russia/news/calculating-russia-2018-s-toughest-groups
2018,2018-06-07,ARG,Argentina,CONMEBOL,5,1364201186,https://en.wikipedia.org/w/index.php?title=2018_FIFA_World_Cup&oldid=1364201186,https://inside.fifa.com/tournaments/mens/worldcup/2018russia/news/calculating-russia-2018-s-toughest-groups
2018,2018-06-07,SUI,Switzerland,UEFA,6,1364201186,https://en.wikipedia.org/w/index.php?title=2018_FIFA_World_Cup&oldid=1364201186,https://inside.fifa.com/tournaments/mens/worldcup/2018russia/news/calculating-russia-2018-s-toughest-groups
2018,2018-06-07,FRA,France,UEFA,7,1364201186,https://en.wikipedia.org/w/index.php?title=2018_FIFA_World_Cup&oldid=1364201186,https://inside.fifa.com/tournaments/mens/worldcup/2018russia/news/calculating-russia-2018-s-toughest-groups
2018,2018-06-07,POL,Poland,UEFA,8,1364201186,https://en.wikipedia.org/w/index.php?title=2018_FIFA_World_Cup&oldid=1364201186,https://inside.fifa.com/tournaments/mens/worldcup/2018russia/news/calculating-russia-2018-s-toughest-groups
2018,2018-06-07,ESP,Spain,UEFA,10,1364201186,https://en.wikipedia.org/w/index.php?title=2018_FIFA_World_Cup&oldid=1364201186,https://inside.fifa.com/tournaments/mens/worldcup/2018russia/news/calculating-russia-2018-s-toughest-groups
2018,2018-06-07,PER,Peru,CONMEBOL,11,1364201186,https://en.wikipedia.org/w/index.php?title=2018_FIFA_World_Cup&oldid=1364201186,https://inside.fifa.com/tournaments/mens/worldcup/2018russia/news/calculating-russia-2018-s-toughest-groups
2018,2018-06-07,DEN,Denmark,UEFA,12,1364201186,https://en.wikipedia.org/w/index.php?title=2018_FIFA_World_Cup&oldid=1364201186,https://inside.fifa.com/tournaments/mens/worldcup/2018russia/news/calculating-russia-2018-s-toughest-groups
2018,2018-06-07,ENG,England,UEFA,12,1364201186,https://en.wikipedia.org/w/index.php?title=2018_FIFA_World_Cup&oldid=1364201186,https://inside.fifa.com/tournaments/mens/worldcup/2018russia/news/calculating-russia-2018-s-toughest-groups
2018,2018-06-07,URU,Uruguay,CONMEBOL,14,1364201186,https://en.wikipedia.org/w/index.php?title=2018_FIFA_World_Cup&oldid=1364201186,https://inside.fifa.com/tournaments/mens/worldcup/2018russia/news/calculating-russia-2018-s-toughest-groups
2018,2018-06-07,MEX,Mexico,CONCACAF,15,1364201186,https://en.wikipedia.org/w/index.php?title=2018_FIFA_World_Cup&oldid=1364201186,https://inside.fifa.com/tournaments/mens/worldcup/2018russia/news/calculating-russia-2018-s-toughest-groups
2018,2018-06-07,COL,Colombia,CONMEBOL,16,1364201186,https://en.wikipedia.org/w/index.php?title=2018_FIFA_World_Cup&oldid=1364201186,https://inside.fifa.com/tournaments/mens/worldcup/2018russia/news/calculating-russia-2018-s-toughest-groups
2018,2018-06-07,CRO,Croatia,UEFA,20,1364201186,https://en.wikipedia.org/w/index.php?title=2018_FIFA_World_Cup&oldid=1364201186,https://inside.fifa.com/tournaments/mens/worldcup/2018russia/news/calculating-russia-2018-s-toughest-groups
2018,2018-06-07,TUN,Tunisia,CAF,21,1364201186,https://en.wikipedia.org/w/index.php?title=2018_FIFA_World_Cup&oldid=1364201186,https://inside.fifa.com/tournaments/mens/worldcup/2018russia/news/calculating-russia-2018-s-toughest-groups
2018,2018-06-07,ISL,Iceland,UEFA,22,1364201186,https://en.wikipedia.org/w/index.php?title=2018_FIFA_World_Cup&oldid=1364201186,https://inside.fifa.com/tournaments/mens/worldcup/2018russia/news/calculating-russia-2018-s-toughest-groups
2018,2018-06-07,CRC,Costa Rica,CONCACAF,23,1364201186,https://en.wikipedia.org/w/index.php?title=2018_FIFA_World_Cup&oldid=1364201186,https://inside.fifa.com/tournaments/mens/worldcup/2018russia/news/calculating-russia-2018-s-toughest-groups
2018,2018-06-07,SWE,Sweden,UEFA,24,1364201186,https://en.wikipedia.org/w/index.php?title=2018_FIFA_World_Cup&oldid=1364201186,https://inside.fifa.com/tournaments/mens/worldcup/2018russia/news/calculating-russia-2018-s-toughest-groups
2018,2018-06-07,SEN,Senegal,CAF,27,1364201186,https://en.wikipedia.org/w/index.php?title=2018_FIFA_World_Cup&oldid=1364201186,https://inside.fifa.com/tournaments/mens/worldcup/2018russia/news/calculating-russia-2018-s-toughest-groups
2018,2018-06-07,SRB,Serbia,UEFA,34,1364201186,https://en.wikipedia.org/w/index.php?title=2018_FIFA_World_Cup&oldid=1364201186,https://inside.fifa.com/tournaments/mens/worldcup/2018russia/news/calculating-russia-2018-s-toughest-groups
2018,2018-06-07,AUS,Australia,AFC,36,1364201186,https://en.wikipedia.org/w/index.php?title=2018_FIFA_World_Cup&oldid=1364201186,https://inside.fifa.com/tournaments/mens/worldcup/2018russia/news/calculating-russia-2018-s-toughest-groups
2018,2018-06-07,IRN,IR Iran,AFC,37,1364201186,https://en.wikipedia.org/w/index.php?title=2018_FIFA_World_Cup&oldid=1364201186,https://inside.fifa.com/tournaments/mens/worldcup/2018russia/news/calculating-russia-2018-s-toughest-groups
2018,2018-06-07,MAR,Morocco,CAF,41,1364201186,https://en.wikipedia.org/w/index.php?title=2018_FIFA_World_Cup&oldid=1364201186,https://inside.fifa.com/tournaments/mens/worldcup/2018russia/news/calculating-russia-2018-s-toughest-groups
2018,2018-06-07,EGY,Egypt,CAF,45,1364201186,https://en.wikipedia.org/w/index.php?title=2018_FIFA_World_Cup&oldid=1364201186,https://inside.fifa.com/tournaments/mens/worldcup/2018russia/news/calculating-russia-2018-s-toughest-groups
2018,2018-06-07,NGA,Nigeria,CAF,48,1364201186,https://en.wikipedia.org/w/index.php?title=2018_FIFA_World_Cup&oldid=1364201186,https://inside.fifa.com/tournaments/mens/worldcup/2018russia/news/calculating-russia-2018-s-toughest-groups
2018,2018-06-07,PAN,Panama,CONCACAF,55,1364201186,https://en.wikipedia.org/w/index.php?title=2018_FIFA_World_Cup&oldid=1364201186,https://inside.fifa.com/tournaments/mens/worldcup/2018russia/news/calculating-russia-2018-s-toughest-groups
2018,2018-06-07,KOR,Korea Republic,AFC,57,1364201186,https://en.wikipedia.org/w/index.php?title=2018_FIFA_World_Cup&oldid=1364201186,https://inside.fifa.com/tournaments/mens/worldcup/2018russia/news/calculating-russia-2018-s-toughest-groups
2018,2018-06-07,JPN,Japan,AFC,61,1364201186,https://en.wikipedia.org/w/index.php?title=2018_FIFA_World_Cup&oldid=1364201186,https://inside.fifa.com/tournaments/mens/worldcup/2018russia/news/calculating-russia-2018-s-toughest-groups
2018,2018-06-07,KSA,Saudi Arabia,AFC,67,1364201186,https://en.wikipedia.org/w/index.php?title=2018_FIFA_World_Cup&oldid=1364201186,https://inside.fifa.com/tournaments/mens/worldcup/2018russia/news/calculating-russia-2018-s-toughest-groups
2018,2018-06-07,RUS,Russia,UEFA,70,1364201186,https://en.wikipedia.org/w/index.php?title=2018_FIFA_World_Cup&oldid=1364201186,https://inside.fifa.com/tournaments/mens/worldcup/2018russia/news/calculating-russia-2018-s-toughest-groups
2022,2022-10-06,BRA,Brazil,CONMEBOL,1,1364125908,https://en.wikipedia.org/w/index.php?title=2022_FIFA_World_Cup&oldid=1364125908,https://www.fifa.com/fifa-world-ranking/mens-ranking?dateId=id13792
2022,2022-10-06,BEL,Belgium,UEFA,2,1364125908,https://en.wikipedia.org/w/index.php?title=2022_FIFA_World_Cup&oldid=1364125908,https://www.fifa.com/fifa-world-ranking/mens-ranking?dateId=id13792
2022,2022-10-06,ARG,Argentina,CONMEBOL,3,1364125908,https://en.wikipedia.org/w/index.php?title=2022_FIFA_World_Cup&oldid=1364125908,https://www.fifa.com/fifa-world-ranking/mens-ranking?dateId=id13792
2022,2022-10-06,FRA,France,UEFA,4,1364125908,https://en.wikipedia.org/w/index.php?title=2022_FIFA_World_Cup&oldid=1364125908,https://www.fifa.com/fifa-world-ranking/mens-ranking?dateId=id13792
2022,2022-10-06,ENG,England,UEFA,5,1364125908,https://en.wikipedia.org/w/index.php?title=2022_FIFA_World_Cup&oldid=1364125908,https://www.fifa.com/fifa-world-ranking/mens-ranking?dateId=id13792
2022,2022-10-06,ESP,Spain,UEFA,7,1364125908,https://en.wikipedia.org/w/index.php?title=2022_FIFA_World_Cup&oldid=1364125908,https://www.fifa.com/fifa-world-ranking/mens-ranking?dateId=id13792
2022,2022-10-06,NED,Netherlands,UEFA,8,1364125908,https://en.wikipedia.org/w/index.php?title=2022_FIFA_World_Cup&oldid=1364125908,https://www.fifa.com/fifa-world-ranking/mens-ranking?dateId=id13792
2022,2022-10-06,POR,Portugal,UEFA,9,1364125908,https://en.wikipedia.org/w/index.php?title=2022_FIFA_World_Cup&oldid=1364125908,https://www.fifa.com/fifa-world-ranking/mens-ranking?dateId=id13792
2022,2022-10-06,DEN,Denmark,UEFA,10,1364125908,https://en.wikipedia.org/w/index.php?title=2022_FIFA_World_Cup&oldid=1364125908,https://www.fifa.com/fifa-world-ranking/mens-ranking?dateId=id13792
2022,2022-10-06,GER,Germany,UEFA,11,1364125908,https://en.wikipedia.org/w/index.php?title=2022_FIFA_World_Cup&oldid=1364125908,https://www.fifa.com/fifa-world-ranking/mens-ranking?dateId=id13792
2022,2022-10-06,CRO,Croatia,UEFA,12,1364125908,https://en.wikipedia.org/w/index.php?title=2022_FIFA_World_Cup&oldid=1364125908,https://www.fifa.com/fifa-world-ranking/mens-ranking?dateId=id13792
2022,2022-10-06,MEX,Mexico,CONCACAF,13,1364125908,https://en.wikipedia.org/w/index.php?title=2022_FIFA_World_Cup&oldid=1364125908,https://www.fifa.com/fifa-world-ranking/mens-ranking?dateId=id13792
2022,2022-10-06,URU,Uruguay,CONMEBOL,14,1364125908,https://en.wikipedia.org/w/index.php?title=2022_FIFA_World_Cup&oldid=1364125908,https://www.fifa.com/fifa-world-ranking/mens-ranking?dateId=id13792
2022,2022-10-06,SUI,Switzerland,UEFA,15,1364125908,https://en.wikipedia.org/w/index.php?title=2022_FIFA_World_Cup&oldid=1364125908,https://www.fifa.com/fifa-world-ranking/mens-ranking?dateId=id13792
2022,2022-10-06,USA,USA,CONCACAF,16,1364125908,https://en.wikipedia.org/w/index.php?title=2022_FIFA_World_Cup&oldid=1364125908,https://www.fifa.com/fifa-world-ranking/mens-ranking?dateId=id13792
2022,2022-10-06,SEN,Senegal,CAF,18,1364125908,https://en.wikipedia.org/w/index.php?title=2022_FIFA_World_Cup&oldid=1364125908,https://www.fifa.com/fifa-world-ranking/mens-ranking?dateId=id13792
2022,2022-10-06,WAL,Wales,UEFA,19,1364125908,https://en.wikipedia.org/w/index.php?title=2022_FIFA_World_Cup&oldid=1364125908,https://www.fifa.com/fifa-world-ranking/mens-ranking?dateId=id13792
2022,2022-10-06,IRN,IR Iran,AFC,20,1364125908,https://en.wikipedia.org/w/index.php?title=2022_FIFA_World_Cup&oldid=1364125908,https://www.fifa.com/fifa-world-ranking/mens-ranking?dateId=id13792
2022,2022-10-06,SRB,Serbia,UEFA,21,1364125908,https://en.wikipedia.org/w/index.php?title=2022_FIFA_World_Cup&oldid=1364125908,https://www.fifa.com/fifa-world-ranking/mens-ranking?dateId=id13792
2022,2022-10-06,MAR,Morocco,CAF,22,1364125908,https://en.wikipedia.org/w/index.php?title=2022_FIFA_World_Cup&oldid=1364125908,https://www.fifa.com/fifa-world-ranking/mens-ranking?dateId=id13792
2022,2022-10-06,JPN,Japan,AFC,24,1364125908,https://en.wikipedia.org/w/index.php?title=2022_FIFA_World_Cup&oldid=1364125908,https://www.fifa.com/fifa-world-ranking/mens-ranking?dateId=id13792
2022,2022-10-06,POL,Poland,UEFA,26,1364125908,https://en.wikipedia.org/w/index.php?title=2022_FIFA_World_Cup&oldid=1364125908,https://www.fifa.com/fifa-world-ranking/mens-ranking?dateId=id13792
2022,2022-10-06,KOR,Korea Republic,AFC,28,1364125908,https://en.wikipedia.org/w/index.php?title=2022_FIFA_World_Cup&oldid=1364125908,https://www.fifa.com/fifa-world-ranking/mens-ranking?dateId=id13792
2022,2022-10-06,TUN,Tunisia,CAF,30,1364125908,https://en.wikipedia.org/w/index.php?title=2022_FIFA_World_Cup&oldid=1364125908,https://www.fifa.com/fifa-world-ranking/mens-ranking?dateId=id13792
2022,2022-10-06,CRC,Costa Rica,CONCACAF,31,1364125908,https://en.wikipedia.org/w/index.php?title=2022_FIFA_World_Cup&oldid=1364125908,https://www.fifa.com/fifa-world-ranking/mens-ranking?dateId=id13792
2022,2022-10-06,AUS,Australia,AFC,38,1364125908,https://en.wikipedia.org/w/index.php?title=2022_FIFA_World_Cup&oldid=1364125908,https://www.fifa.com/fifa-world-ranking/mens-ranking?dateId=id13792
2022,2022-10-06,CAN,Canada,CONCACAF,41,1364125908,https://en.wikipedia.org/w/index.php?title=2022_FIFA_World_Cup&oldid=1364125908,https://www.fifa.com/fifa-world-ranking/mens-ranking?dateId=id13792
2022,2022-10-06,CMR,Cameroon,CAF,43,1364125908,https://en.wikipedia.org/w/index.php?title=2022_FIFA_World_Cup&oldid=1364125908,https://www.fifa.com/fifa-world-ranking/mens-ranking?dateId=id13792
2022,2022-10-06,ECU,Ecuador,CONMEBOL,44,1364125908,https://en.wikipedia.org/w/index.php?title=2022_FIFA_World_Cup&oldid=1364125908,https://www.fifa.com/fifa-world-ranking/mens-ranking?dateId=id13792
2022,2022-10-06,QAT,Qatar,AFC,50,1364125908,https://en.wikipedia.org/w/index.php?title=2022_FIFA_World_Cup&oldid=1364125908,https://www.fifa.com/fifa-world-ranking/mens-ranking?dateId=id13792
2022,2022-10-06,KSA,Saudi Arabia,AFC,51,1364125908,https://en.wikipedia.org/w/index.php?title=2022_FIFA_World_Cup&oldid=1364125908,https://www.fifa.com/fifa-world-ranking/mens-ranking?dateId=id13792
2022,2022-10-06,GHA,Ghana,CAF,61,1364125908,https://en.wikipedia.org/w/index.php?title=2022_FIFA_World_Cup&oldid=1364125908,https://www.fifa.com/fifa-world-ranking/mens-ranking?dateId=id13792
2026,2026-06-11,ARG,Argentina,CONMEBOL,1,1364564584,https://en.wikipedia.org/w/index.php?title=2026_FIFA_World_Cup&oldid=1364564584,https://inside.fifa.com/fifa-world-ranking/men?dateId=id11944
2026,2026-06-11,ESP,Spain,UEFA,2,1364564584,https://en.wikipedia.org/w/index.php?title=2026_FIFA_World_Cup&oldid=1364564584,https://inside.fifa.com/fifa-world-ranking/men?dateId=id11944
2026,2026-06-11,FRA,France,UEFA,3,1364564584,https://en.wikipedia.org/w/index.php?title=2026_FIFA_World_Cup&oldid=1364564584,https://inside.fifa.com/fifa-world-ranking/men?dateId=id11944
2026,2026-06-11,ENG,England,UEFA,4,1364564584,https://en.wikipedia.org/w/index.php?title=2026_FIFA_World_Cup&oldid=1364564584,https://inside.fifa.com/fifa-world-ranking/men?dateId=id11944
2026,2026-06-11,POR,Portugal,UEFA,5,1364564584,https://en.wikipedia.org/w/index.php?title=2026_FIFA_World_Cup&oldid=1364564584,https://inside.fifa.com/fifa-world-ranking/men?dateId=id11944
2026,2026-06-11,BRA,Brazil,CONMEBOL,6,1364564584,https://en.wikipedia.org/w/index.php?title=2026_FIFA_World_Cup&oldid=1364564584,https://inside.fifa.com/fifa-world-ranking/men?dateId=id11944
2026,2026-06-11,MAR,Morocco,CAF,7,1364564584,https://en.wikipedia.org/w/index.php?title=2026_FIFA_World_Cup&oldid=1364564584,https://inside.fifa.com/fifa-world-ranking/men?dateId=id11944
2026,2026-06-11,NED,Netherlands,UEFA,8,1364564584,https://en.wikipedia.org/w/index.php?title=2026_FIFA_World_Cup&oldid=1364564584,https://inside.fifa.com/fifa-world-ranking/men?dateId=id11944
2026,2026-06-11,BEL,Belgium,UEFA,9,1364564584,https://en.wikipedia.org/w/index.php?title=2026_FIFA_World_Cup&oldid=1364564584,https://inside.fifa.com/fifa-world-ranking/men?dateId=id11944
2026,2026-06-11,GER,Germany,UEFA,10,1364564584,https://en.wikipedia.org/w/index.php?title=2026_FIFA_World_Cup&oldid=1364564584,https://inside.fifa.com/fifa-world-ranking/men?dateId=id11944
2026,2026-06-11,CRO,Croatia,UEFA,11,1364564584,https://en.wikipedia.org/w/index.php?title=2026_FIFA_World_Cup&oldid=1364564584,https://inside.fifa.com/fifa-world-ranking/men?dateId=id11944
2026,2026-06-11,COL,Colombia,CONMEBOL,13,1364564584,https://en.wikipedia.org/w/index.php?title=2026_FIFA_World_Cup&oldid=1364564584,https://inside.fifa.com/fifa-world-ranking/men?dateId=id11944
2026,2026-06-11,MEX,Mexico,CONCACAF,14,1364564584,https://en.wikipedia.org/w/index.php?title=2026_FIFA_World_Cup&oldid=1364564584,https://inside.fifa.com/fifa-world-ranking/men?dateId=id11944
2026,2026-06-11,SEN,Senegal,CAF,15,1364564584,https://en.wikipedia.org/w/index.php?title=2026_FIFA_World_Cup&oldid=1364564584,https://inside.fifa.com/fifa-world-ranking/men?dateId=id11944
2026,2026-06-11,URU,Uruguay,CONMEBOL,16,1364564584,https://en.wikipedia.org/w/index.php?title=2026_FIFA_World_Cup&oldid=1364564584,https://inside.fifa.com/fifa-world-ranking/men?dateId=id11944
2026,2026-06-11,USA,USA,CONCACAF,17,1364564584,https://en.wikipedia.org/w/index.php?title=2026_FIFA_World_Cup&oldid=1364564584,https://inside.fifa.com/fifa-world-ranking/men?dateId=id11944
2026,2026-06-11,JPN,Japan,AFC,18,1364564584,https://en.wikipedia.org/w/index.php?title=2026_FIFA_World_Cup&oldid=1364564584,https://inside.fifa.com/fifa-world-ranking/men?dateId=id11944
2026,2026-06-11,SUI,Switzerland,UEFA,19,1364564584,https://en.wikipedia.org/w/index.php?title=2026_FIFA_World_Cup&oldid=1364564584,https://inside.fifa.com/fifa-world-ranking/men?dateId=id11944
2026,2026-06-11,IRN,IR Iran,AFC,20,1364564584,https://en.wikipedia.org/w/index.php?title=2026_FIFA_World_Cup&oldid=1364564584,https://inside.fifa.com/fifa-world-ranking/men?dateId=id11944
2026,2026-06-11,TUR,Türkiye,UEFA,22,1364564584,https://en.wikipedia.org/w/index.php?title=2026_FIFA_World_Cup&oldid=1364564584,https://inside.fifa.com/fifa-world-ranking/men?dateId=id11944
2026,2026-06-11,ECU,Ecuador,CONMEBOL,23,1364564584,https://en.wikipedia.org/w/index.php?title=2026_FIFA_World_Cup&oldid=1364564584,https://inside.fifa.com/fifa-world-ranking/men?dateId=id11944
2026,2026-06-11,AUT,Austria,UEFA,24,1364564584,https://en.wikipedia.org/w/index.php?title=2026_FIFA_World_Cup&oldid=1364564584,https://inside.fifa.com/fifa-world-ranking/men?dateId=id11944
2026,2026-06-11,KOR,Korea Republic,AFC,25,1364564584,https://en.wikipedia.org/w/index.php?title=2026_FIFA_World_Cup&oldid=1364564584,https://inside.fifa.com/fifa-world-ranking/men?dateId=id11944
2026,2026-06-11,AUS,Australia,AFC,27,1364564584,https://en.wikipedia.org/w/index.php?title=2026_FIFA_World_Cup&oldid=1364564584,https://inside.fifa.com/fifa-world-ranking/men?dateId=id11944
2026,2026-06-11,ALG,Algeria,CAF,28,1364564584,https://en.wikipedia.org/w/index.php?title=2026_FIFA_World_Cup&oldid=1364564584,https://inside.fifa.com/fifa-world-ranking/men?dateId=id11944
2026,2026-06-11,EGY,Egypt,CAF,29,1364564584,https://en.wikipedia.org/w/index.php?title=2026_FIFA_World_Cup&oldid=1364564584,https://inside.fifa.com/fifa-world-ranking/men?dateId=id11944
2026,2026-06-11,CAN,Canada,CONCACAF,30,1364564584,https://en.wikipedia.org/w/index.php?title=2026_FIFA_World_Cup&oldid=1364564584,https://inside.fifa.com/fifa-world-ranking/men?dateId=id11944
2026,2026-06-11,NOR,Norway,UEFA,31,1364564584,https://en.wikipedia.org/w/index.php?title=2026_FIFA_World_Cup&oldid=1364564584,https://inside.fifa.com/fifa-world-ranking/men?dateId=id11944
2026,2026-06-11,CIV,Côte d'Ivoire,CAF,33,1364564584,https://en.wikipedia.org/w/index.php?title=2026_FIFA_World_Cup&oldid=1364564584,https://inside.fifa.com/fifa-world-ranking/men?dateId=id11944
2026,2026-06-11,PAN,Panama,CONCACAF,34,1364564584,https://en.wikipedia.org/w/index.php?title=2026_FIFA_World_Cup&oldid=1364564584,https://inside.fifa.com/fifa-world-ranking/men?dateId=id11944
2026,2026-06-11,SWE,Sweden,UEFA,38,1364564584,https://en.wikipedia.org/w/index.php?title=2026_FIFA_World_Cup&oldid=1364564584,https://inside.fifa.com/fifa-world-ranking/men?dateId=id11944
2026,2026-06-11,CZE,Czechia,UEFA,40,1364564584,https://en.wikipedia.org/w/index.php?title=2026_FIFA_World_Cup&oldid=1364564584,https://inside.fifa.com/fifa-world-ranking/men?dateId=id11944
2026,2026-06-11,PAR,Paraguay,CONMEBOL,41,1364564584,https://en.wikipedia.org/w/index.php?title=2026_FIFA_World_Cup&oldid=1364564584,https://inside.fifa.com/fifa-world-ranking/men?dateId=id11944
2026,2026-06-11,SCO,Scotland,UEFA,42,1364564584,https://en.wikipedia.org/w/index.php?title=2026_FIFA_World_Cup&oldid=1364564584,https://inside.fifa.com/fifa-world-ranking/men?dateId=id11944
2026,2026-06-11,TUN,Tunisia,CAF,45,1364564584,https://en.wikipedia.org/w/index.php?title=2026_FIFA_World_Cup&oldid=1364564584,https://inside.fifa.com/fifa-world-ranking/men?dateId=id11944
2026,2026-06-11,COD,Congo DR,CAF,46,1364564584,https://en.wikipedia.org/w/index.php?title=2026_FIFA_World_Cup&oldid=1364564584,https://inside.fifa.com/fifa-world-ranking/men?dateId=id11944
2026,2026-06-11,UZB,Uzbekistan,AFC,50,1364564584,https://en.wikipedia.org/w/index.php?title=2026_FIFA_World_Cup&oldid=1364564584,https://inside.fifa.com/fifa-world-ranking/men?dateId=id11944
2026,2026-06-11,QAT,Qatar,AFC,56,1364564584,https://en.wikipedia.org/w/index.php?title=2026_FIFA_World_Cup&oldid=1364564584,https://inside.fifa.com/fifa-world-ranking/men?dateId=id11944
2026,2026-06-11,IRQ,Iraq,AFC,57,1364564584,https://en.wikipedia.org/w/index.php?title=2026_FIFA_World_Cup&oldid=1364564584,https://inside.fifa.com/fifa-world-ranking/men?dateId=id11944
2026,2026-06-11,RSA,South Africa,CAF,60,1364564584,https://en.wikipedia.org/w/index.php?title=2026_FIFA_World_Cup&oldid=1364564584,https://inside.fifa.com/fifa-world-ranking/men?dateId=id11944
2026,2026-06-11,KSA,Saudi Arabia,AFC,61,1364564584,https://en.wikipedia.org/w/index.php?title=2026_FIFA_World_Cup&oldid=1364564584,https://inside.fifa.com/fifa-world-ranking/men?dateId=id11944
2026,2026-06-11,JOR,Jordan,AFC,63,1364564584,https://en.wikipedia.org/w/index.php?title=2026_FIFA_World_Cup&oldid=1364564584,https://inside.fifa.com/fifa-world-ranking/men?dateId=id11944
2026,2026-06-11,BIH,Bosnia and Herzegovina,UEFA,64,1364564584,https://en.wikipedia.org/w/index.php?title=2026_FIFA_World_Cup&oldid=1364564584,https://inside.fifa.com/fifa-world-ranking/men?dateId=id11944
2026,2026-06-11,CPV,Cabo Verde,CAF,67,1364564584,https://en.wikipedia.org/w/index.php?title=2026_FIFA_World_Cup&oldid=1364564584,https://inside.fifa.com/fifa-world-ranking/men?dateId=id11944
2026,2026-06-11,GHA,Ghana,CAF,73,1364564584,https://en.wikipedia.org/w/index.php?title=2026_FIFA_World_Cup&oldid=1364564584,https://inside.fifa.com/fifa-world-ranking/men?dateId=id11944
2026,2026-06-11,CUW,Curaçao,CONCACAF,82,1364564584,https://en.wikipedia.org/w/index.php?title=2026_FIFA_World_Cup&oldid=1364564584,https://inside.fifa.com/fifa-world-ranking/men?dateId=id11944
2026,2026-06-11,HAI,Haiti,CONCACAF,83,1364564584,https://en.wikipedia.org/w/index.php?title=2026_FIFA_World_Cup&oldid=1364564584,https://inside.fifa.com/fifa-world-ranking/men?dateId=id11944
2026,2026-06-11,NZL,New Zealand,OFC,85,1364564584,https://en.wikipedia.org/w/index.php?title=2026_FIFA_World_Cup&oldid=1364564584,https://inside.fifa.com/fifa-world-ranking/men?dateId=id11944
